{"cameraMode":{"drawMode":0,"name":"Shaded","section":"Shading Mode"},"sceneLighting":true,"audioPlay":false,"sceneViewState":{"m_AlwaysRefresh":false,"showFog":true,"showSkybox":true,"showFlares":true,"showImageEffects":true,"showParticleSystems":true,"showVisualEffectGraphs":true,"m_FxEnabled":true},"in2DMode":false,"pivot":{"x":-0.8750801682472229,"y":-0.2964745759963989,"z":1.3970913887023926},"rotation":{"x":0.2900654673576355,"y":-0.010053974576294423,"z":0.003046646947041154,"w":0.9569563865661621},"size":6.72540807723999,"orthographic":false}