{"cameraMode":{"drawMode":0,"name":"Shaded","section":"Shading Mode"},"sceneLighting":true,"audioPlay":false,"sceneViewState":{"m_AlwaysRefresh":false,"showFog":true,"showSkybox":true,"showFlares":true,"showImageEffects":true,"showParticleSystems":true,"showVisualEffectGraphs":true,"m_FxEnabled":true},"in2DMode":false,"pivot":{"x":-1.333094596862793,"y":0.21570730209350587,"z":0.9647865295410156},"rotation":{"x":0.2651408016681671,"y":-0.5402445197105408,"z":0.18432897329330445,"w":0.7770926356315613},"size":2.677849292755127,"orthographic":false}